*,EP
NAME,ADDRESS
수색동물병원,
응암동물병원,서울특별시 은평구 응암로 261 (응암동)
갈현동물병원,
김정복동물병원,서울특별시 은평구 통일로 879 (갈현동)
불광동물병원,서울특별시 은평구 불광로 37 (불광동)
한얼동물병원,서울특별시 은평구 응암로 226 (응암동)
연서동물병원,서울특별시 은평구 연서로 162 (대조동)
늘푸른동물병원,서울특별시 은평구 은평로 29 (신사동)
녹번동물병원,서울특별시 은평구 통일로 697 (녹번동)
예종합동물,
역촌동물병원,
오거리동물병원,"서울특별시 은평구 가좌로 239, 2층 (응암동, 스타이루)"
LOVE MY PET 동물병원,서울특별시 은평구 은평로 208 (응암동)
미래동물병원,서울특별시 은평구 서오릉로 192 (갈현동)
신동물병원,
더독동물병원,서울특별시 은평구 서오릉로 140 (대조동)
유종합동물병원,
은평동물병원,서울특별시 은평구 서오릉로 80 (대조동)
영규동물병원,
금쪽같은내새끼 동물병원,서울특별시 은평구 연서로 185 (갈현동)
한마음동물병원,서울특별시 은평구 갈현로 35 (신사동)
한마음동물병원,
독도동물병원,
더탑동물병원,"서울특별시 은평구 통일로 691, 2층 (녹번동)"
참사랑동물병원,
우신동물병원,"서울특별시 은평구 연서로 72, 1층 101호 (역촌동)"
패미원동물병원,
에이스동물병원,
해오름동물병원,
메디펫동물병원,서울특별시 은평구 통일로 885 (갈현동)
예스플러스 동물병원,
은평동물병원(은평본원),
연신내 동물병원,"서울특별시 은평구 연서로 252 (불광동, 세종빌딩)"
튼튼동물병원,
멍이맘동물병원,
한수24시동물병원,"서울특별시 은평구 증산로 267, 103호 (증산동)"
로얄동물병원,서울특별시 은평구 연서로 137 (구산동)
연신내동물병원,서울특별시 은평구 연서로 260 (불광동)
허브종합동물병원,
사랑가득동물병원,
은평동물병원,서울특별시 은평구 서오릉로 86 (대조동)
참조은동물병원,
쿨펫동물병원,
드림펫동물병원,
튼튼동물병원,서울특별시 은평구 진흥로 17 (역촌동)
허브종합동물병원,
드림펫동물병원,
이강신동물병원,서울특별시 은평구 증산서길 132 (증산동)
한빛동물병원,
야옹동물병원,서울특별시 은평구 응암로 286 (응암동)
쿨펫동물병원,
예스동물병원,서울특별시 은평구 통일로 691 (녹번동)
펫프렌즈동물병원 은평,
한빛동물병원,"서울특별시 은평구 진관4로 87, 629동 116호 (진관동, 은평뉴타운상림마을)"
구파발동물병원,서울특별시 은평구 진관2로 57-7 (진관동)
펫프렌즈동물병원 은평,
사랑이가득한동물병원,서울특별시 은평구 서오릉로 94 (대조동)
뉴타운동물병원,서울특별시 은평구 진관3로 70 (진관동)
쿨펫동물병원 은평점,서울특별시 은평구 은평로 111 (응암동)
쿨펫 동물병원,서울특별시 은평구 불광로 20 (대조동)
Dr.윤24시동물병원,서울특별시 은평구 통일로 817 (대조동)
뉴타운동물병원,"서울특별시 은평구 진관3로 70 (진관동, 상림마을 821동 101호)"
도그원 동물의료센터,"서울특별시 은평구 연서로29길 24, 지, 2층 (갈현동, 정운빌딩)"
24시스마트동물메디컬센터,서울특별시 은평구 은평로 93 (응암동)
튼튼동물병원,서울특별시 은평구 진흥로 17 (역촌동)
역촌동물병원,서울특별시 은평구 서오릉로 91 (역촌동)
스머프동물병원,서울특별시 은평구 백련산로 145 (응암동)
다루동물병원,"서울특별시 은평구 불광로 60, 1층 (불광동)"
도담동물병원,서울특별시 은평구 역말로 7 (역촌동)
조은동물병원,"서울특별시 은평구 수색로 217 (수색동, 수색자이 1단지 107호)"
아리동물병원,"서울특별시 은평구 증산서길 132, 102호 (증산동)"
스머프동물병원,서울특별시 은평구 백련산로 143 (응암동)
튼튼동물병원,"서울특별시 은평구 진흥로 17, 1층 (역촌동)"
튼튼동물병원,"서울특별시 은평구 진흥로 17, 1층 (역촌동)"
서울햇빛동물병원,"서울특별시 은평구 진관2로 67, 202동 B층 01호 (진관동, 은평뉴타운우물골아파트)"
둘레길동물병원,"서울특별시 은평구 연서로 317 (불광동, 동윤빌딩)"
튼튼동물병원,서울특별시 은평구 진흥로 17 (역촌동)
개와냥이동물병원,"서울특별시 은평구 통일로 727-5, 2층 (대조동)"
참좋은동물병원,서울특별시 은평구 백련산로 29 (응암동)
담은동물병원,"서울특별시 은평구 통일로 796, 상가동 지하2층 128호, 지하1층 228호 (불광동, 북한산 힐스테이트7차)"
우리덕구동물병원,"서울특별시 은평구 진관2로 77, 205동 지하1층 B104호 (진관동, 은평뉴타운우물골)"
가든펫동물병원,"서울특별시 은평구 증산로9길 26-23, 지하1층 (증산동)"
연서동물종합병원,서울특별시 은평구 연서로 162 (대조동)
디엠씨(DMC)동물병원,"서울특별시 은평구 수색로 217, 1층 107호 (수색동, 디엠씨 자이1단지(DMC 자이1))"
연서동물종합병원,"서울특별시 은평구 연서로 162, 1층 (대조동)"
24시 치유동물의료센터,서울특별시 은평구 은평로 213 (녹번동)
피움동물병원,"서울특별시 은평구 진관3로 37, 은평구 뉴타운2지구 에코테라스 102호 (진관동)"
어울동물의료센터,서울특별시 은평구 통일로 665 (녹번동)
동물병원 움,"서울특별시 은평구 불광로 59, 1층 나호 (불광동)"
