*,GC
NAME,ADDRESS
제일종합동물병원,서울특별시 금천구 독산로 58 (시흥동)
아야야동물병원,서울특별시 금천구 두산로 71 (독산동)
벽산종합동물병원,
은행나무종합동물병원,서울특별시 금천구 금하로 694 (시흥동)
벽산종합동물병원,
법원단지동물병원,
연종합동물병원,
법원단지동물병원,
시흥가축병원,
조정연동물병원,서울특별시 금천구 금하로 679 (시흥동)
그린동물병원,서울특별시 금천구 독산로 272 (독산동)
금천동물병원,서울특별시 금천구 독산로 188 (독산동)
파랑새동물병원,서울특별시 금천구 시흥대로 276 (독산동)
우리동물병원,서울특별시 금천구 독산로 348 (독산동)
다사랑동물종합병원,
쿨펫동물병원,서울특별시 금천구 시흥대로 201 (시흥동)
금나래동물병원,"서울특별시 금천구 벚꽃로 30, 211호 (독산동, 금천롯데캐슬골드파크2차)"
노아동물병원,서울특별시 금천구 금하로 745 (시흥동)
보보스동물병원,
러브펫동물병원,
러브펫동물병원,서울특별시 금천구 독산로85길 40 (독산동)
쿨펫동물병원,"서울특별시 금천구 두산로 71 (독산동, 롯데빅마켓 3층)"
우리동물메디컬센터,서울특별시 금천구 남부순환로 1386 (독산동)
독산온동물병원,"서울특별시 금천구 독산로 225, 1층 (독산동)"
조아동물병원,"서울특별시 금천구 금하로1라길 35, 1층 (독산동)"
24시 글로리 동물병원,서울특별시 금천구 시흥대로 483 (독산동)
금천 24시 K동물의료센터,"서울특별시 금천구 시흥대로 251 (시흥동, 도일산호시티빌)"
더조은 동물의료센터,"서울특별시 금천구 시흥대로 172, 서우빌딩 (시흥동)"
나비셀 동물의료센터,"서울특별시 금천구 가산디지털2로 98, IT캐슬 2동 210호 (가산동)"
