*,GR
NAME,ADDRESS
오류동물병원,"서울특별시 구로구 경인로 236, 예성라온팰리스 103동 101호 (오류동)"
케이나인동물병원구로점,
사랑동물병원,서울특별시 구로구 도림로 98 (구로동)
개명동물병원,서울특별시 구로구 개봉로 50 (개봉동)
금강종합동물병원,서울특별시 구로구 경인로 196 (오류동)
라라동물의료원,"서울특별시 구로구 도림로 72, 1,B1층 (구로동)"
24시 지구촌 동물메디컬 센터,"서울특별시 구로구 구로중앙로31길 30, 24시 지구촌 동물 메디컬센터 (구로동)"
개봉동물병원,서울특별시 구로구 고척로 157 (고척동)
갤러리아동물병원,
가교25시동물병원,
케이나인종합동물병원,서울특별시 구로구 개봉로 40 (개봉동)
우리동물종합병원,"서울특별시 구로구 고척로 238 (고척동,하이리빙(아)1층3호)"
신도림동물병원,"서울특별시 구로구 경인로 661, 신도림1차푸르지오 101동 139호 (신도림동)"
토토동물병원,"서울특별시 구로구 경인로59길 7 (신도림동,대림6차상가 109)"
구로종합동물병원,서울특별시 구로구 구로동로 159 (구로동)
해피동물병원,서울특별시 구로구 중앙로 67 (고척동)
구일동물병원,"서울특별시 구로구 구일로8길 92 (구로동,중앙하이츠상가 118호)"
24시 명 동물병원,서울특별시 구로구 고척로21길 13 (개봉동)
굿모닝 동물병원,서울특별시 구로구 개봉로 121 (개봉동)
대한동물종합병원,
명24시동물병원,"서울특별시 구로구 중앙로 101 (고척동,청솔우성(아) 1층107호)"
한샘종합동물병원,서울특별시 구로구 경인로 350 (개봉동)
쿨펫동물병원,"서울특별시 구로구 경인로 482, 롯데마트구로점 (구로동)"
우리동물종합병원,"서울특별시 구로구 고척로 238 (고척동,하이리빙아파트상가 1층 3호)"
캐슬동물종합병원,"서울특별시 구로구 고척로 238 (고척동,하이리빙아파트 상가 103호)"
수 동물병원,서울특별시 구로구 구로중앙로28길 1-1 (구로동)
캐슬동물종합병원,"서울특별시 구로구 고척로 238 (고척동,하이리빙(아)상가 103호)"
푸른동물병원,서울특별시 구로구 구로동로 111-1 (구로동)
해원종합동물병원,"서울특별시 구로구 구일로 110 (구로동,해원리버파크 105호)"
쿨펫동물병원고척점,"서울특별시 구로구 중앙로1길 36 (고척동,2001아울렛 5층)"
쿨펫동물병원,"서울특별시 구로구 경인로 661 (신도림동,홈에버 신도림점 지하2층)"
쿨펫동물병원(2001아울렛구로점),
쿨펫동물병원(2001아울렛 구로점),
쿨펫동물병원,"서울특별시 구로구 구로중앙로 134 (구로동,나인스에비뉴 지하1층 커뮤니티죤)"
구로종합동물병원,"서울특별시 구로구 경인로 638, 101동 1층 3,4호 (신도림동, 신도림에스케이뷰)"
쿨펫동물병원,"서울특별시 구로구 구로중앙로 134 (구로동,나인스에비뉴 지하1층 커뮤니티죤)"
캥거루 동물병원,서울특별시 구로구 오류로 55 (오류동)
아이러브펫동물병원(신도림점),"서울특별시 구로구 경인로 661, 홈플러스 신도림점 지하1층 (신도림동)"
벨라동물병원,"서울특별시 구로구 구로중앙로34길 30, 진명빌딩 (구로동)"
24시 명동물병원,서울특별시 구로구 고척로21길 13 (개봉동)
안정택동물병원,"서울특별시 구로구 천왕로 106, 골드프라자 201호 (오류동)"
북극곰동물병원,서울특별시 구로구 오리로 1271 (궁동)
24시 명동물메디컬센터,"서울특별시 구로구 남부순환로 775 (개봉동, 개봉푸르지오)"
드림동물병원,"서울특별시 구로구 중앙로8길 11, 109동 5호 (고척동, 고척월드메르디앙)"
마음동물병원,"서울특별시 구로구 오리로 1271 (궁동, 동광빌라)"
허브동물병원,"서울특별시 구로구 구일로10길 27, SK허브수 B동 2층 5호 (구로동)"
드림동물병원,"서울특별시 구로구 중앙로8길 11, 109동 5호 (고척동, 고척 월드메르디앙)"
구로다나은동물병원,"서울특별시 구로구 신도림로 7, 1층 110호 (신도림동)"
고척원동물의료센터,"서울특별시 구로구 경인로 403, 원메디타운 2층 201호 (고척동)"
서울동물복지지원센터 동물병원(구로),"서울특별시 구로구 경인로 472, 서울반려동물교육센터 (구로동)"
항동푸른숲동물병원,"서울특별시 구로구 항동로3길 4, 와이제이프라자 104, 204호 (항동)"
올리브동물병원,"서울특별시 구로구 중앙로 64, 고척프라자 (고척동)"
