*,GS
NAME,ADDRESS
시온동물병원,서울특별시 강서구 까치산로 74 (화곡동)
SKY동물병원,"서울특별시 강서구 양천로 72 (방화동, 해성빌딩)"
용봉동물병원,"서울특별시 강서구 강서로17길 20 (화곡동, 용봉동물병원)"
화곡동물병원,"서울특별시 강서구 까치산로 80 (화곡동, 화곡동물병원)"
황하동물병원,"서울특별시 강서구 금낭화로 52 (방화동, 세성빌딩)"
스누피동물병원,"서울특별시 강서구 화곡로43길 24 (화곡동, 쥬라기동물병원)"
공항동물병원,서울특별시 강서구 방화동로 48-1 (방화동)
공항축산,서울특별시 강서구 개화동로29길 15 (방화동)
박동물병원,"서울특별시 강서구 강서로 294, 106호 (내발산동)"
고득영동물병원,"서울특별시 강서구 곰달래로 199 (화곡동, 고득영동물병원)"
우장동물병원,"서울특별시 강서구 화곡로 143 (화곡동, 충효빌딩)"
발산종합동물병원,서울특별시 강서구 강서로 237 (화곡동)
강서동물병원,"서울특별시 강서구 곰달래로15길 46 (화곡동, 강서동물병원)"
등촌동물병원,
미래동물병원,"서울특별시 강서구 강서로 45 (화곡동, 미래동물병원)"
염창제일동물병원,"서울특별시 강서구 양천로 651, 1층 (염창동)"
송정종합동물병원,"서울특별시 강서구 공항대로 19 (공항동, 송정동물병원)"
그랜드동물병원,
서서울동물병원,서울특별시 강서구 양천로 675 (염창동)
비온뒤숲속동물병원,서울특별시 강서구 공항대로 459 (등촌동)
서울플러스종합동물병원,"서울특별시 강서구 등촌로 55, 신진통상빌딩 (화곡동)"
고려종합동물병원,"서울특별시 강서구 양천로57길 10-20 (가양동, 이스타빌Ⅰ)"
아이러브펫동물병원,
준동물병원,서울특별시 강서구 송정로1길 29 (공항동)
해맑은동물병원,"서울특별시 강서구 양천로57길 10-20 (가양동, 이스타빌Ⅰ)"
대한동물병원,"서울특별시 강서구 화곡로 205 (화곡동, 대한동물병원)"
쿨펫동물병원,"서울특별시 강서구 양천로 431 (가양동, 홈플러스가양점)"
하나동물병원,"서울특별시 강서구 금낭화로 109 (방화동, 하나동물병원)"
24시아프리카동물메디컬센터,"서울특별시 강서구 공항대로 335 (등촌동, 경왕빌딩)"
지지펫동물병원,서울특별시 강서구 우장산로 107-1 (화곡동)
서서울동물병원,
비타민c동물병원,"서울특별시 강서구 강서로 420 (등촌동, 서울호서전문학교)"
쥬라기동물종합병원,"서울특별시 강서구 화곡로43길 24 (화곡동, 쥬라기동물병원)"
곰달래동물병원,"서울특별시 강서구 곰달래로 223 (화곡동, 화곡동상가)"
와우동물병원,"서울특별시 강서구 방화대로47가길 7 (방화동, 방화샤르망1오피스텔)"
한마음동물병원,
폭시펫동물병원,
베스트동물병원,서울특별시 강서구 까치산로 30 (화곡동)
화이트동물병원,"서울특별시 강서구 강서로 341 (내발산동, 창대교회)"
주주24시종합동물병원,"서울특별시 강서구 금낭화로 60 (방화동, 서우빌딩)"
바이오벳,"서울특별시 강서구 방화대로7길 13 (공항동, 영광익스프레스)"
도그플러스 동물병원,"서울특별시 강서구 화곡로 398 (등촌동, 삼성홈플러스강서점)"
호서동물의료센터,"서울특별시 강서구 강서로 420 (등촌동, 서울호서전문학교)"
세인트동물병원,서울특별시 강서구 강서로 36 (화곡동)
송정종합동물병원,"서울특별시 강서구 공항대로 19 (공항동, 송정동물병원)"
이솝동물병원,서울특별시 강서구 금낭화로 51-1 (방화동)
한사랑동물병원,서울특별시 강서구 화곡로 293 (화곡동)
스누피동물병원,"서울특별시 강서구 강서로 313 (내발산동, 삼창빌딩)"
송정종합동물병원,"서울특별시 강서구 공항대로 19 (공항동, 송정동물병원)"
24시 동물병원,"서울특별시 강서구 강서로18길 15 (화곡동, 24시편의점)"
굿모닝동물병원,"서울특별시 강서구 방화대로47가길 7 (방화동, 방화샤르망1오피스텔)"
다나동물병원,"서울특별시 강서구 강서로 254 (화곡동, 우장산아이파크이편한세상)"
느보동물병원,서울특별시 강서구 강서로7길 104 (화곡동)
서서울동물병원,서울특별시 강서구 양천로 667 (염창동)
서울축산농협동물병원,"서울특별시 강서구 양천로 574 (등촌동, 축협)"
파스텔동물병원,"서울특별시 강서구 화곡로 112, 1층 (화곡동)"
펫프렌즈동물병원,
오즈동물병원,서울특별시 강서구 강서로45길 28 (내발산동)
쿨펫 동물병원,"서울특별시 강서구 양천로 559 (가양동, 가양이마트)"
가양쿨펫동물병원,"서울특별시 강서구 양천로 431 (가양동, 홈플러스가양점)"
스마일동물병원,"서울특별시 강서구 수명로 74 (내발산동, 발산시티타워)"
이츠동물병원,"서울특별시 강서구 강서로 330 (내발산동, 동아빌딩)"
THE좋은 동물병원,서울특별시 강서구 강서로 215 (화곡동)
24시 안박동물병원,"서울특별시 강서구 양천로 510, 1층 101-1호 (등촌동, 현대프린스텔빌딩)"
25시 도토리동물병원,서울특별시 강서구 허준로 121 (가양동)
세명 동물병원,"서울특별시 강서구 강서로17길 52 (화곡동, 화곡면옥)"
화곡동물병원,"서울특별시 강서구 까치산로 80 (화곡동, 화곡동물병원)"
힐링캠프 동물병원,서울특별시 강서구 강서로 308 (내발산동)
한마음동물병원,서울특별시 강서구 강서로18길 17 (화곡동)
펫가든 동물병원,"서울특별시 강서구 하늘길 38 (방화동, 스카이시티)"
올케어동물영상센터,"서울특별시 강서구 공항대로 335 (등촌동, 경왕빌딩)"
강서YD동물의료센터,서울특별시 강서구 화곡로 371 (등촌동)
24시 강서 젠틀리동물의료센터,"서울특별시 강서구 마곡중앙1로 72, 101호 (마곡동, 마곡엠밸리10단지)"
미소동물의료센터,"서울특별시 강서구 강서로 215 (화곡동, 삼광빌딩)"
공항축산,서울특별시 강서구 개화동로29길 15 (방화동)
다솔동물병원,서울특별시 강서구 방화대로5나길 6 (공항동)
송정동물메디컬센터,서울특별시 강서구 공항대로 39 (공항동)
위즈펫동물병원 김포공항점,"서울특별시 강서구 하늘길 38, MF층 (방화동, 롯데몰)"
서서울동물병원,서울특별시 강서구 양천로 667 (염창동)
보다듬 동물병원,"서울특별시 강서구 수명로 82, 202호 (내발산동, 발산로얄타워)"
우리아이동물메디컬센터,"서울특별시 강서구 공항대로 284, 1층 2호 (내발산동)"
고려종합동물병원,"서울특별시 강서구 양천로57길 10-20, 102호 (가양동, 이스타빌Ⅰ)"
마곡숲동물병원,"서울특별시 강서구 강서로 471, A동 1층 102호 (마곡동, 엠코지니어스타)"
쪼꼬동물병원,"서울특별시 강서구 마곡중앙로 36, 103호 (마곡동, 마곡엠밸리15단지)"
마곡나무 동물병원,"서울특별시 강서구 마곡중앙1로 72, 1014동 103호 (마곡동, 마곡엠밸리10단지)"
공감동물병원,"서울특별시 강서구 마곡중앙로 36, 상가동 103호 (마곡동, 마곡엠밸리15단지)"
올스타동물의료센터,"서울특별시 강서구 가로공원로 198, 1층 (화곡동, 청파빌딩)"
하트온동물병원,"서울특별시 강서구 곰달래로 260, 피앤와이빌딩 1층 3호 (화곡동)"
우장산 동물의료센터,"서울특별시 강서구 강서로 282, 1층 (내발산동)"
서서울동물병원,"서울특별시 강서구 양천로 674, 9,10호 (염창동)"
푸른들동물병원,"서울특별시 강서구 양천로 663-1, 1층 (염창동)"
참동물병원,"서울특별시 강서구 마곡서로 133, 712동 102-1호 (마곡동, 마곡엠밸리7단지)"
마곡M동물의료센터,"서울특별시 강서구 방화대로33길 3, 1~2층 (방화동)"
모모동물병원,"서울특별시 강서구 마곡중앙1로 20, 205호 (마곡동)"
차지우동물병원,"서울특별시 강서구 강서로62길 10, 한울빌딩 1층 (등촌동)"
