*,MP
NAME,ADDRESS
동교수의과병원,"서울특별시 마포구 양화로 182, 정민빌딩 30호 (동교동)"
마포동물병원,서울특별시 마포구 백범로 110 (대흥동)
서진동물병원,서울특별시 마포구 신촌로 56 (동교동)
서교동물병원,"서울특별시 마포구 포은로 107, 2층 (망원동)"
공덕동물병원,
조상래동물병원,
이화동물병원,
뉴욕종합동물병원,서울특별시 마포구 양화로 68 (서교동)
용강동물병원,서울특별시 마포구 대흥로 48 (대흥동)
디엔씨동물병원,서울특별시 마포구 신촌로 154 (노고산동)
박재용동물병원,
월드펫동물병원,서울특별시 마포구 신촌로 248 (아현동)
아프리카동물병원,
다솔동물병원,
홍익동물종합병원,서울특별시 마포구 독막로 45 (합정동)
아현종합동물병원,
망원동물종합병원,서울특별시 마포구 월드컵로 65 (망원동)
캣츠앤독스 동물병원,서울특별시 마포구 월드컵북로 151 (성산동)
그랜드종합동물병원,
신촌국제동물병원,
셀레네동물병원,서울특별시 마포구 독막로 85 (상수동)
C.T.종합동물병원,"서울특별시 마포구 만리재로 74 (신공덕동,신공덕2차 삼성래미안2상가 117호)"
제스이종경동물병원,서울특별시 마포구 도화길 49 (도화동)
Dr.전 종합동물병원,
꿈동물병원,
세종동물병원,서울특별시 마포구 서강로 69 (창전동)
캣츠앤독스 동물병원,서울특별시 마포구 월드컵북로 151 (성산동)
사랑동물병원,"서울특별시 마포구 월드컵로 240 (성산동,월드컵경기장내 2층)"
와우동물병원,
사랑동물병원,"서울특별시 마포구 월드컵로 240 (성산동,월드컵경기장내 2층)"
동물사랑동물병원,서울특별시 마포구 월드컵로 73 (망원동)
이황동물병원,"서울특별시 마포구 월드컵로 147 (망원동,한익빌딩 1층)"
사랑동물병원,"서울특별시 마포구 월드컵로 240 (성산동,월드컵경기장내  2층)"
다솔동물병원,"서울특별시 마포구 월드컵로 118 (성산동,1층)"
굿모닝동물병원,
신촌동물병원,서울특별시 마포구 신촌로 108 (노고산동)
프란다스동물의료센타,서울특별시 마포구 대흥로 24 (용강동)
마리동물병원,서울특별시 마포구 신촌로 16 (동교동)
다솔동물병원,서울특별시 마포구 월드컵로 122 (성산동)
로얄벳동물병원,"서울특별시 마포구 월드컵로 240 (성산동,월드컵경기장내 2층)"
연남동물병원,
행복한 동물병원,"서울특별시 마포구 월드컵북로 224 (성산동,청화상가 104호)"
파티마동물병원,
연세종합동물병원,서울특별시 마포구 마포대로11길 7-18 (공덕동)
박창석종합동물병원,서울특별시 마포구 도화길 42 (도화동)
상암동물병원,서울특별시 마포구 월드컵북로 336 (상암동)
동물병원 가는날,
쿨펫동물병원,"서울특별시 마포구 월드컵로 240 (성산동,월드컵경기장 2층)"
용강동물병원,
웰케어동물병원,서울특별시 마포구 월드컵북로 27 (서교동)
와우동물병원,서울특별시 마포구 월드컵북로 167 (성산동)
공덕 건강한 동물병원,
웨스턴 동물의료센터,"서울특별시 마포구 신촌로 110, 지상1,2,8층 및 지하1,2층 웨스턴5빌딩 (노고산동)"
파크동물병원(animal. C),"서울특별시 마포구 마포대로 173, 110호 (공덕동,마포 현대하이엘)"
하늘 동물병원,"서울특별시 마포구 포은로 64 (망원동,1층)"
동물메디컬센터w,서울특별시 마포구 월드컵로 46 (서교동)
구림동물병원,
이리온 동물병원,서울특별시 마포구 월드컵북로 151 (성산동)
토리 동물병원,서울특별시 마포구 서강로 79 (창전동)
박효리군 동물병원,서울특별시 마포구 포은로 64 (망원동)
캣&덴탈 하이디 동물병원,"서울특별시 마포구 월드컵로3길 14, 123호 (합정동, 마포 한강 2차 푸르지오)"
힐링 24시 동물병원,"서울특별시 마포구 백범로 205 (신공덕동, 펜트라우스)"
메세나프렌즈 동물병원,서울특별시 마포구 양화로 45 (서교동)
24시 공덕종합동물병원,서울특별시 마포구 백범로 130 (염리동)
도화동물병원,서울특별시 마포구 삼개로 28 (도화동)
아이엠 동물병원,"서울특별시 마포구 양화로 72, 효성해링턴타워 101동 제1층 121,122호 (서교동)"
공덕 건강한 동물병원,"서울특별시 마포구 만리재로 15, 108호 (공덕동,제일빌딩)"
신촌동물병원,서울특별시 마포구 신촌로 108 (노고산동)
한아름동물병원,서울특별시 마포구 독막로 153 (창전동)
워너비 동물병원,서울특별시 마포구 동교로 193 (동교동)
동물병원 닥터K,"서울특별시 마포구 월드컵북로 347, 1층 (상암동)"
신촌동물병원,"서울특별시 마포구 신촌로 108, 1층 (노고산동)"
아프지말게 동물병원,"서울특별시 마포구 상암산로1길 24 (상암동, 월드컵파크 4단지 상가 113-2)"
굿모닝 동물병원,"서울특별시 마포구 독막로 295 (염리동, 삼부골든타워106호)"
카라동물병원,"서울특별시 마포구 잔다리로 122, 2층 (서교동)"
이리온 동물병원 캣츠엔독스점 (상암점),서울특별시 마포구 월드컵북로 151 (성산동)
닥터M 동물병원,"서울특별시 마포구 마포대로 195 (아현동, 마포래미안 푸르지오 4단지 상가 134호)"
예스 동물병원,"서울특별시 마포구 마포대로 195 (아현동, 마포래미안푸르지오 4단지상가 214호)"
메세나 프렌즈 동물병원,"서울특별시 마포구 양화로 45, B층 101호 (서교동, 메세나폴리스 )"
우리동생 동물병원,서울특별시 마포구 월드컵북로12길 22 (성산동)
24시 산들산들 동물병원,"서울특별시 마포구 마포대로16길 7, 2층 (아현동)"
닥터 호오 동물병원,"서울특별시 마포구 대흥로 24 (용강동, 서강빌딩(1~2층))"
24시 산들산들 동물병원,"서울특별시 마포구 마포대로16길 7 (공덕동, 영지빌딩2층)"
마포 키다리 동물병원,"서울특별시 마포구 월드컵북로 262 (성산동, 제2상가동 101,102호 성산시영아파트)"
신촌 동물병원,서울특별시 마포구 신촌로 108 (노고산동)
푸른숲 동물병원,"서울특별시 마포구 월드컵로 98 (서교동, 서현빌딩 1층)"
푸른숲 동물병원,"서울특별시 마포구 월드컵로 98 (서교동, 서현빌딩)"
라온동물병원,"서울특별시 마포구 월드컵북로 151, 1층 (성산동, 성미빌딩)"
소망동물병원,"서울특별시 마포구 신촌로 258, 1,2층 (아현동)"
동물병원 the 말랑,"서울특별시 마포구 토정로 149, 2층 (상수동, 영재빌딩)"
와우 동물병원,서울특별시 마포구 월드컵북로 167 (성산동)
이황 동물병원,"서울특별시 마포구 월드컵로 147, 1층 (망원동, 한익빌딩)"
날으는 동물병원,"서울특별시 마포구 마포대로11길 35, 1층, 지하1층 (공덕동, 공덕메디힐스)"
서울동물복지지원센터 동물병원,"서울특별시 마포구 매봉산로 31 (상암동, S-PLEXCENTER 지하1층)"
신촌동물병원,"서울특별시 마포구 신촌로 108, 1층 (노고산동)"
한국양봉농협 동물병원,"서울특별시 마포구 월드컵로 125, 4층 (망원동)"
이층애 고양이동물병원,"서울특별시 마포구 월드컵로 46, 2층 (서교동)"
신촌동물병원,"서울특별시 마포구 신촌로 108, 1층 (노고산동)"
한아름 동물병원,"서울특별시 마포구 독막로 153, 102호 (창전동)"
산책 동물병원,서울특별시 마포구 창전로 50-1 (구수동)
아이웰 동물의료센터,서울특별시 마포구 백범로 130 (염리동)
콩닥 동물병원,"서울특별시 마포구 마포대로 127, 풍림브이아이피텔 (공덕동)"
