*,NW
NAME,ADDRESS
공릉동물병원,서울특별시 노원구 동일로 1015 (공릉동)
노원동물병원,서울특별시 노원구 한글비석로 401 (상계동)
한빛종합동물병원,서울특별시 노원구 동일로 1370 (상계동)
롯데동물병원,"서울특별시 노원구 동일로207길 17, 118호 (중계동, 시영1단지B상가 )"
LK동물병원,"서울특별시 노원구 중계로 220 (중계동,조은빌딩104호)"
준동물병원,서울특별시 노원구 수락산로2길 9-5 (상계동)
리치동물병원,서울특별시 노원구 동일로 1065 (공릉동)
25시동물병원,"서울특별시 노원구 한글비석로8길 16, 102호 (중계동, 대림벽산상가)"
은빛동물병원,"서울특별시 노원구 동일로 1649 (상계동, 윤일빌딩)"
은마로동물병원,"서울특별시 노원구 한글비석로 363, 종로약국 (중계동)"
그린동물병원,"서울특별시 노원구 노원로 540 (상계동, 상계주공아파트 9단지상가)"
고려동물병원,"서울특별시 노원구 덕릉로 738 (상계동, 정진145빌딩)"
화랑동물병원,서울특별시 노원구 화랑로 473 (공릉동)
미래동물병원,서울특별시 노원구 공릉로 168 (공릉동)
우리들동물종합병원,"서울특별시 노원구 동일로 1280, 116호 (중계동, 시영2단지상가)"
동물나라동물병원,
수락동물병원,서울특별시 노원구 동일로 1622 (상계동)
당고개동물병원,서울특별시 노원구 덕릉로 810-1 (상계동)
참사랑동물병원,"서울특별시 노원구 한글비석로 272, 101호 (중계동, 중원코아빌딩)"
이엠동물병원,서울특별시 노원구 한글비석로 436 (상계동)
굿모닝동물병원,
쿨펫동물병원,
참동물병원,"서울특별시 노원구 동일로 1530 (상계동, 다모아빌딩)"
한강동물병원,서울특별시 노원구 노원로34길 76 (상계동)
중계종합동물병원,"서울특별시 노원구 한글비석로 245 (중계동,두타빌A동111,112호)"
닥터펫동물병원(중계점),
러브펫동물병원,서울특별시 노원구 동일로204가길 12 (중계동)
스누피동물병원,서울특별시 노원구 동일로192길 87 (공릉동)
시튼동물의료원,서울특별시 노원구 동일로 1093 (공릉동)
로얄벳동물병원(월계점),
수락동물병원,
시마동물병원,"서울특별시 노원구 동일로 1356, 상가동 2층 201호 (상계동, 상계주공4단지아파트)"
사랑동물병원,서울특별시 노원구 공릉로 176 (공릉동)
수 동물병원,"서울특별시 노원구 동일로 1689 (상계동, 하이베라스)"
LK 동물병원,"서울특별시 노원구 중계로 233, 133호 (중계동, 청구3차 상가동 )"
브라운동물병원,"서울특별시 노원구 동일로203가길 29 (중계동, 브라운스톤중계)"
수락 동물병원,"서울특별시 노원구 동일로 1622 (상계동, 유성상가)"
화랑동물병원,서울특별시 노원구 화랑로 473 (공릉동)
시티펫종합동물병원,서울특별시 노원구 상계로 113 (상계동)
혜원동물병원,서울특별시 노원구 동일로 1015 (공릉동)
유림동물병원,"서울특별시 노원구 월계로45길 28 (월계동, 월계아파트형공장)"
우솔동물병원,서울특별시 노원구 화랑로 349 (월계동)
(주)한빛종합동물병원,서울특별시 노원구 동일로 1370 (상계동)
웰리스 동물병원,"서울특별시 노원구 섬밭로 258 (중계동, 건영옴니백화점)"
로얄벳 동물병원,
라라Q동물병원,서울특별시 노원구 공릉로 153 (공릉동)
이앤박동물병원,서울특별시 노원구 한글비석로52길 18 (상계동)
아란종합동물병원,서울특별시 노원구 월계로 333 (월계동)
스마일플러스동물병원,"서울특별시 노원구 동일로 1051 (공릉동, 영운빌딩 1층)"
웰리스동물병원(월계점),서울특별시 노원구 마들로3길 15 (월계동)
노원24시N동물의료센터,서울특별시 노원구 노원로 456 (상계동)
중계이오동물병원,"서울특별시 노원구 한글비석로 245 (중계동, 두타빌 A동 111,112호)"
펫가든,서울특별시 노원구 노원로 330 (중계동)
엔젤동물병원,서울특별시 노원구 동일로 1104 (공릉동)
e-동물병원,서울특별시 노원구 석계로9길 29 (월계동)
주식회사 노원24시동물의료센터,"서울특별시 노원구 노원로 408, (주)노원24시동물의료센터 1층 (상계동)"
웰리스동물병원(월계점),"서울특별시 노원구 마들로3길 15, 2층 (월계동, 이마트 )"
메인동물메디컬센터,서울특별시 노원구 동일로 1025-1 (공릉동)
한국동물암센터,"서울특별시 노원구 노원로 408, (주)노원24시동물의료센터 2, 4층 (상계동)"
스마트동물병원,"서울특별시 노원구 노원로 470, 1층 (상계동, 금녕빌딩)"
키움 동물병원,"서울특별시 노원구 노원로1길 9 (공릉동, 해중빌딩)"
닥터스종합동물병원,"서울특별시 노원구 월계로 336, 1층 (월계동, 상천빌딩)"
서정동물병원,"서울특별시 노원구 동일로 1626, 1층 (상계동)"
러브펫동물병원 중계점,"서울특별시 노원구 동일로204가길 12, 홈플러스 지하 2층 (중계동)"
웰니스 동물병원,"서울특별시 노원구 마들로3길 15, 월계이마트 2층 (월계동)"
닥터스종합동물병원,"서울특별시 노원구 월계로 336, 상천빌딩 1층 (월계동)"
서정동물병원,"서울특별시 노원구 동일로 1626, 1층 (상계동)"
더싼 동물병원,"서울특별시 노원구 동일로 1363, 명지프라자빌딩 102호 (상계동)"
브이아이피 동물의료센터,서울특별시 노원구 동일로 1333 (상계동)
러브펫 멀티펫샵&amp;동물병원,"서울특별시 노원구 노원로34길 116, 서울한의원 1층 (상계동)"
러브펫동물병원 공릉점,"서울특별시 노원구 동일로 1014, 1층 (공릉동)"
앤(N)고양이병원,"서울특별시 노원구 노원로 408, (주)노원24시동물의료센터 3층 (상계동)"
