*,SM
NAME,ADDRESS
모래내동물병원,
서문동물병원,
가좌동물병원,서울특별시 서대문구 응암로 77 (북가좌동)
연희동물병원,
인왕동물병원,"서울특별시 서대문구 통일로 405 (홍제동, 창덕종합건설(주))"
백년동물병원,서울특별시 서대문구 가좌로 104 (홍은동)
한솔동물병원,서울특별시 서대문구 통일로 392 (홍제동)
북아현동물병원,서울특별시 서대문구 신촌로 289-1 (북아현동)
홍제동물병원,서울특별시 서대문구 통일로 463 (홍제동)
하나동물병원,
한수24동물병원,
햇살동물병원,
재원동물병원,
신영동물병원,서울특별시 서대문구 통일로 489 (홍은동)
차지우동물병원,
라파엘종합동물병원,서울특별시 서대문구 연희로 132 (연희동)
프란다스동물병원,"서울특별시 서대문구 거북골로 120 (남가좌동, DMC센트레빌아파트)"
예일동물병원,
홍은동물병원,서울특별시 서대문구 가좌로 140 (홍은동)
예일동물병원,서울특별시 서대문구 거북골로 13 (홍은동)
모래내동물병원,
서대문아프리카동물병원,서울특별시 서대문구 세검정로 51 (홍제동)
윤선생동물병원,"서울특별시 서대문구 연희로 265 (홍은동, 홍암빌딩)"
연희동물병원,서울특별시 서대문구 연희로25길 101 (연희동)
예일동물병원,
모래내동물병원,
러브펫 동물병원,
세란동물병원,"서울특별시 서대문구 북아현로 40, 110호 (북아현동,경남아파트상가)"
우리동물병원,서울특별시 서대문구 통일로 197 (영천동)
모래내동물병원,
빛가온동물병원,서울특별시 서대문구 통일로 375 (홍제동)
마음을 나누는 동물병원,"서울특별시 서대문구 신촌로35길 10, 지하1층 424호 (북아현동, e편한세상신촌 4단지)"
모래내동물병원,
예일동물병원,서울특별시 서대문구 거북골로 13 (홍은동)
대화동물병원,
A+ 동물병원,
초콜릿종합동물병원,서울특별시 서대문구 응암로 117 (북가좌동)
우노동물병원,"서울특별시 서대문구 북아현로 40, 110호 (북아현동,경남아파트상가)"
예일동물병원,서울특별시 서대문구 거북골로 13 (홍은동)
우노동물병원,"서울특별시 서대문구 북아현로 40 (북아현동,경남아파트상가 110호)"
한스동물병원,서울특별시 서대문구 증가로 111 (남가좌동)
A+동물병원,"서울특별시 서대문구 연희로 114 (연희동, 내풍빌딩)"
가재울봉쥬르동물병원,서울특별시 서대문구 거북골로 178 (북가좌동)
두리틀동물병원,서울특별시 서대문구 응암로 66 (북가좌동)
양하무역 산업동물병원,서울특별시 서대문구 신촌로1길 42 (창천동)
예일동물병원,서울특별시 서대문구 거북골로 13 (홍은동)
햇살동물병원,"서울특별시 서대문구 가재울미래로 2, 상가403, 상가404동 108호 (남가좌동, DMC파크뷰자이)"
헬로우동물병원,서울특별시 서대문구 연희로 178 (연희동)
독립문동물병원,서울특별시 서대문구 통일로 171-1 (냉천동)
어울림동물병원,"서울특별시 서대문구 가재울미래로 2 (남가좌동, DMC파크뷰자이)"
오즈동물병원,"서울특별시 서대문구 증가로 150, 100동 B209, B210호 (남가좌동)"
강앤정 동물병원,"서울특별시 서대문구 가재울미래로 2, 204동 1층 102-2,103-1호 (남가좌동, DMC파크뷰자이)"
에이플러스 동물병원,"서울특별시 서대문구 연희로 114, 내풍빌딩 지층 (연희동)"
위드 동물병원,"서울특별시 서대문구 응암로 76, 102호 (북가좌동)"
헬로우 동물병원,"서울특별시 서대문구 연희로 178, 1층 (연희동)"
그녀의 동물병원,"서울특별시 서대문구 성산로 333, 노엘 2층 (연희동)"
링크동물의료센터,"서울특별시 서대문구 신촌로 209, 1,2층 (북아현동)"
