*,YC
NAME,ADDRESS
우신동물병원,서울특별시 양천구 중앙로 295 (신월동)
강현림 종합동물병원,서울특별시 양천구 등촌로 160 (목동)
해성동물병원,서울특별시 양천구 은행정로 10 (신정동)
신월동물병원,서울특별시 양천구 신월로 199 (신월동)
강성동물병원,
하니동물병원,서울특별시 양천구 등촌로 58 (목동)
상아동물병원,
노아동물병원,서울특별시 양천구 목동동로10길 6 (신정동)
대현동물병원,서울특별시 양천구 목동중앙본로 113 (목동)
애완동물병원,
양천종합동물병원,서울특별시 양천구 오목로 45 (신월동)
이솝동물병원,서울특별시 양천구 목동동로8길 7 (신정동)
가나동물병원,"서울특별시 양천구 목동서로 35 (목동,목동프라자 105)"
나우동물종합병원,"서울특별시 양천구 목동중앙본로 10 (목동,극동상가 103)"
민병철동물병원,서울특별시 양천구 남부순환로 347 (신월동)
바우동물병원,서울특별시 양천구 중앙로 230 (신정동)
황경택동물병원,
목동동물병원,"서울특별시 양천구 목동서로 57 (목동,현대파리지앙 121호)"
슈슈애견동물병원,서울특별시 양천구 신목로 78 (신정동)
닥터펫 동물병원,"서울특별시 양천구 목동서로 170 (목동,한국까르프 1층)"
필동물종합병원,서울특별시 양천구 등촌로 16 (목동)
애니케어동물병원,서울특별시 양천구 중앙로 291 (신월동)
혜인종합 동물병원,"서울특별시 양천구 등촌로 218, 혜인빌딩 (목동)"
메디펫종합 동물병원,서울특별시 양천구 오목로 318 (목동)
하나 동물병원,"서울특별시 양천구 목동서로 387 (신정동,세림프라자 106호)"
이지동물병원,서울특별시 양천구 신목로 59 (신정동)
다정종합동물병원,서울특별시 양천구 월정로 137 (신월동)
햇살동물병원,서울특별시 양천구 월정로 46 (신월동)
바우동물병원,서울특별시 양천구 중앙로 230 (신정동)
닥터펫 동물병원,
신정 동물병원,"서울특별시 양천구 오목로 198-1 (신정동,1층)"
토론토 동물병원,"서울특별시 양천구 등촌로 172, 등촌빌딩 A동 102호 (목동)"
닥터펫동물병원,
하릅강아지 동물병원,"서울특별시 양천구 신정로 312 (신정동,뉴목동프라자 113호)"
하릅강아지 동물병원,"서울특별시 양천구 신정로 312 (신정동,뉴목동프라자 113호)"
리즈동물병원,"서울특별시 양천구 목동중앙로 43 (목동,106호)"
참사랑동물병원,서울특별시 양천구 목동남로4길 6-11 (신정동)
비비펫 동물병원,
행복한 동물병원,서울특별시 양천구 공항대로 636 (목동)
덕터펫 동물병원,
파란종합 동물병원,서울특별시 양천구 신월로 149 (신월동)
닥터펫 동물병원,
다솜동물병원,
Dr.Pet 동물병원,"서울특별시 양천구 목동서로 170 (목동,한국까르푸 1층)"
일오삼동물병원,서울특별시 양천구 지양로 52 (신월동)
펫서비스동물병원,서울특별시 양천구 목동로 17 (신정동)
행복한동물병원,서울특별시 양천구 공항대로 636 (목동)
미니주동물병원,서울특별시 양천구 목동중앙북로 37 (목동)
행복동물병원,"서울특별시 양천구 목동서로 77 (목동,현대월드상가 101-1)"
닥터펫동물병원,"서울특별시 양천구 목동서로 170 (목동,2층)"
리더스 동물병원,서울특별시 양천구 신목로 78 (신정동)
우리들 동물메디컬 센터,"서울특별시 양천구 목동로 161 (신정동, 덕수프라자)"
쿨펫동물병원,"서울특별시 양천구 목동동로 309 (목동,행복한세상백화점 지하2층)"
닥터펫 동물병원,"서울특별시 양천구 목동서로 170 (목동,홈에버 목동점 1층)"
햇살동물병원,서울특별시 양천구 월정로 46 (신월동)
킴스동물병원,
행복한세상동물병원,서울특별시 양천구 목동동로 309 (목동)
대현동물병원,서울특별시 양천구 목동중앙본로 113 (목동)
리베 동물의료센터,서울특별시 양천구 목동로 231 (신정동)
쿨펫이마트목동점,"서울특별시 양천구 오목로 299 (목동,트라팰리스 1층)"
쿨펫이마트 목동점 동물병원,"서울특별시 양천구 오목로 299, 목동트라팰리스 (목동)"
닥터펫 동물병원,
가나종합동물병원,"서울특별시 양천구 목동서로 77, 현대월드타워 160호 (목동)"
닥터펫동물병원,
닥터펫동물병원,"서울특별시 양천구 목동서로 170, 홈플러스목동점 (목동)"
하나동물병원,"서울특별시 양천구 목동서로 387 (신정동,세림프라자 106호)"
상아동물병원,서울특별시 양천구 목동로 181 (신정동)
목동 동물병원,서울특별시 양천구 목동서로 57 (목동)
리베동물 의료센터,서울특별시 양천구 목동로 231 (신정동)
푸른들동물병원,서울특별시 양천구 신정로 312 (신정동)
가스펠동물병원,서울특별시 양천구 월정로 137 (신월동)
하니동물병원,"서울특별시 양천구 등촌로 58, 1,2층 (목동)"
아람동물병원,"서울특별시 양천구 목동중앙본로1길 5 (목동, 목동2차월드메르디앙 상가 지층 103호)"
오라고동물병원,"서울특별시 양천구 공항대로 552 (목동, 대우마이빌 102호)"
리베동물의료센터,서울특별시 양천구 목동로 231 (신정동)
팜랜드동물병원,"서울특별시 양천구 목동중앙서로 42, 1층 (목동)"
대현동물병원,"서울특별시 양천구 목동중앙본로 100, 101호 (목동)"
서서울호수동물병원,"서울특별시 양천구 남부순환로 421, 1층 (신월동)"
홍익동물병원,"서울특별시 양천구 목동로 231, 1,2층 (신정동)"
파리스동물병원,"서울특별시 양천구 목동서로 100, 상가동 105, 204호 (목동, 목동신시가지아파트3단지)"
구름동물병원,"서울특별시 양천구 신정이펜2로 22, 203호 (신정동, 신정프라자)"
공원옆동물병원,"서울특별시 양천구 목동서로 349, 104호 (신정동, 센트럴프라자)"
밀리언동물병원,서울특별시 양천구 신월로 320 (신정동)
리베동물메디컬센터,"서울특별시 양천구 오목로 280, 1층 (목동)"
다온동물병원,서울특별시 양천구 중앙로 230 (신정동)
하나동물병원,"서울특별시 양천구 목동서로 387, 세림프라자 106호 (신정동)"
페토브 동물병원,"서울특별시 양천구 목동동로 130, 117, 118호 (신정동, 목동신시가지아파트14단지)"
24시 서울 탑 동물병원,"서울특별시 양천구 중앙로 237, 1층 (신정동)"
두암동물병원,"서울특별시 양천구 목동중앙북로 73, 덕수프라자 2층 (목동)"
캐슬동물종합병원,"서울특별시 양천구 목동남로2길 21, 쌍용빌딩 4층 (신정동)"
하니동물병원,서울특별시 양천구 등촌로 58 (목동)
가온동물병원,"서울특별시 양천구 등촌로 114, 목동한강팰리스 1층 (목동)"
우리들동물메디컬센터,서울특별시 양천구 목동로 161 (신정동)
해맞이 동물병원,"서울특별시 양천구 지양로 7, 인산빌딩 1층 (신월동)"
우리들 노령동물 암센터,"서울특별시 양천구 목동로 171, 4층 (신정동)"
봄날동물병원,"서울특별시 양천구 목동중앙로 89, 1층 (목동)"
신월동물병원,"서울특별시 양천구 신월로 124, 1층 (신월동)"
산책동물병원,"서울특별시 양천구 목동서로 401, 1층 102호 (신정동, 대림아크로빌)"
